feature,importance
rs16891982,0.15288931765690736
rs2814778,0.13016976075281014
rs1426654,0.11361395382250716
rs3827760,0.10375773769693251
rs12913832,0.08815757116551463
rs1408799,0.041883180608752825
rs17034666,0.040843339095469076
rs1871534,0.031352858774769045
rs1545397,0.029256652672958072
rs7554936,0.027308400777994398
rs2031526,0.025640024689051997
rs10497191,0.02273092865342568
rs1834640,0.017950132282234053
rs7226659,0.01711321934652769
rs310644,0.01647124544469182
rs2593595,0.014199261010819095
rs9845457,0.013618594499188065
rs2065160,0.01120665455435803
rs1042602,0.010959577260690644
rs7657799,0.010368391598680604
rs6548616,0.00968140038023531
rs2066807,0.009634439251940677
rs1572018,0.00955313683647272
rs6451722,0.00918752948797388
rs4891825,0.00902900923664117
rs3737576,0.008406023743040707
rs4471745,0.008137871353539139
rs881929,0.007366533767464819
rs1079597,0.006386656049443105
rs1800407,0.003126597528965654
